D, function, f-value mean, f-value var, f-value std-var, loop time mean
2 sphere 4.648371428105997e-06 8.110063342784894e-12 8.191983174530195e-12 31.3
5 sphere 6.981288655646279e-06 5.8347544836650195e-12 5.8936913976414335e-12 69.91
20 sphere 9.118055283193337e-06 6.431953186649317e-13 6.496922410756885e-13 241.06
2 rastrigin 5.220203918732125e-06 9.172942756945133e-12 9.265598744389024e-12 71.09
5 rastrigin 0.8656170600447397 0.7257221560796246 0.7330526829087117 731.29
20 rastrigin 33.72906662264411 110.22940109746858 111.34282939138241 1000.0
