D, function, f-value mean, f-value var, f-value std-var, loop time mean
2 sphere 4.6936688897073265e-06 8.848874082872106e-12 8.938256649365765e-12 32.11
5 sphere 7.161116423754281e-06 3.5195234852451233e-12 3.5550742275203266e-12 69.07
