D, function, f-value mean, f-value var, f-value std-var, loop time mean
2 sphere 4.746974341437331e-06 9.659422345803751e-12 9.756992268488638e-12 31.89
5 sphere 7.197870800303818e-06 3.845799415112252e-12 3.88464587385076e-12 70.7
20 sphere 9.045074151072861e-06 6.205608952038027e-13 6.268291870745482e-13 239.33
2 rastrigin 5.03013500114946e-06 9.133431207250044e-12 9.225688088131358e-12 72.09
5 rastrigin 1.024810686175024 1.4345192007924754 1.4490092937297732 730.11
20 rastrigin 31.938129628410937 150.28211754017843 151.80011872745297 1000.0
