D, function, f-value mean, f-value var, f-value std-var, loop time mean
2 sphere 4.997148559869502e-06 7.556204943397534e-12 7.632530245856095e-12 235.76
5 sphere 7.0145483377986545e-06 4.368823809012291e-12 4.412953342436657e-12 558.39
20 sphere 8.811215700574363e-06 7.785873021263303e-13 7.864518203296267e-13 785.08
2 rastrigin 0.15435673311052558 0.08530963058194024 0.08617134402216185 783.93
5 rastrigin 5.054592036102881 7.35730561399222 7.431621832315374 1000.0
20 rastrigin 37.41042814691368 112.15968858347749 113.29261473078535 1000.0
