D, function, f-value mean, f-value var, f-value std-var, loop time mean
2 sphere 0.0031339414494895653 3.956740430881284e-06 3.996707505940691e-06 17.82
