D, function, f-value mean, f-value var, f-value std-var, loop time mean
2 sphere 0.39036244205041126 0.07748531357742773 0.07826799351255326 1.55
5 sphere 0.7164322403645896 0.041190110578387104 0.041606172301401116 11.81
20 sphere 0.8946505323180588 0.008959086199121611 0.00904958201931476 82.14
2 rastrigin 0.5426315736529485 0.1015415050799744 0.102567176848459 19.36
5 rastrigin 0.7544843022914995 0.044401186723180726 0.04484968355876841 268.18
20 rastrigin 24.69195753259097 282.6525628044685 285.5076391964329 1000.0
