D, function, f-value mean, f-value var, f-value std-var, loop time mean
2 sphere 0.4468459870248234 0.07544820549895159 0.07621030858479959 1.55
5 sphere 0.7004545226190301 0.037402459937041055 0.037780262562667734 12.05
20 sphere 0.8835095327870852 0.010118209273954997 0.01022041340803535 82.71
2 rastrigin 0.5404329226320507 0.0752475755378749 0.0760076520584595 19.56
5 rastrigin 0.7547044124306703 0.08738744561887567 0.08827014708977339 276.49
20 rastrigin 28.484211910668854 373.174064314193 376.94349930726565 1000.0
